CABA, Q1-04, 1044117
CABA, Q2-04, 1071371
CABA, Q3-04, 1103174
CABA, Q4-04, 1137639
CABA, Q1-05, 1162313
CABA, Q2-05, 1194453
CABA, Q3-05, 1227136
CABA, Q4-05, 1270125
CABA, Q1-06, 1285173
CABA, Q2-06, 1313223
CABA, Q3-06, 1341254
CABA, Q4-06, 1387463
CABA, Q1-07, 1407880
CABA, Q2-07, 1443355
CABA, Q3-07, 1469236
CABA, Q4-07, 1500891
CABA, Q1-08, 1513134
CABA, Q2-08, 1550952
CABA, Q3-08, 1561412
CABA, Q4-08, 1564582
CABA, Q1-09, 1522732
CABA, Q2-09, 1507524
CABA, Q3-09, 1505576
CABA, Q4-09, 1519419
CABA, Q1-10, 1523817
CABA, Q2-10, 1530174
CABA, Q3-10, 1542710
CABA, Q4-10, 1568616
CABA, Q1-11, 1570505
CABA, Q2-11, 1581257
CABA, Q3-11, 1593362
CABA, Q4-11, 1605988
CABA, Q1-12, 1596935
CABA, Q2-12, 1585518
CABA, Q3-12, 1577147
CABA, Q4-12, 1591657
CABA, Q1-13, 1586844
CABA, Q2-13, 1576359
CABA, Q3-13, 1581196
CABA, Q4-13, 1592132
CABA, Q1-14, 1579731
CABA, Q2-14, 1576002
CABA, Q3-14, 1580693
CABA, Q4-14, 1594208
CABA, Q1-15, 1598281
CABA, Q2-15, 1606705
CABA, Q3-15, 1612834
CABA, Q4-15, 1620671
CABA, Q1-16, 1613041
CABA, Q2-16, 1597292
Buenos Aires, Q1-04, 1268024
Buenos Aires, Q2-04, 1278384
Buenos Aires, Q3-04, 1308972
Buenos Aires, Q4-04, 1363931
Buenos Aires, Q1-05, 1409476
Buenos Aires, Q2-05, 1421096
Buenos Aires, Q3-05, 1445142
Buenos Aires, Q4-05, 1505899
Buenos Aires, Q1-06, 1549447
Buenos Aires, Q2-06, 1557679
Buenos Aires, Q3-06, 1585013
Buenos Aires, Q4-06, 1643169
Buenos Aires, Q1-07, 1689829
Buenos Aires, Q2-07, 1696790
Buenos Aires, Q3-07, 1709957
Buenos Aires, Q4-07, 1765459
Buenos Aires, Q1-08, 1809253
Buenos Aires, Q2-08, 1816002
Buenos Aires, Q3-08, 1826961
Buenos Aires, Q4-08, 1850956
Buenos Aires, Q1-09, 1825454
Buenos Aires, Q2-09, 1783608
Buenos Aires, Q3-09, 1783314
Buenos Aires, Q4-09, 1819518
Buenos Aires, Q1-10, 1844889
Buenos Aires, Q2-10, 1836406
Buenos Aires, Q3-10, 1853062
Buenos Aires, Q4-10, 1896667
Buenos Aires, Q1-11, 1938560
Buenos Aires, Q2-11, 1922781
Buenos Aires, Q3-11, 1938116
Buenos Aires, Q4-11, 1978171
Buenos Aires, Q1-12, 2009453
Buenos Aires, Q2-12, 1973111
Buenos Aires, Q3-12, 1964169
Buenos Aires, Q4-12, 1997223
Buenos Aires, Q1-13, 2019383
Buenos Aires, Q2-13, 1989519
Buenos Aires, Q3-13, 1990445
Buenos Aires, Q4-13, 2012652
Buenos Aires, Q1-14, 2017561
Buenos Aires, Q2-14, 1993791
Buenos Aires, Q3-14, 1988029
Buenos Aires, Q4-14, 2015733
Buenos Aires, Q1-15, 2044252
Buenos Aires, Q2-15, 2033748
Buenos Aires, Q3-15, 2038431
Buenos Aires, Q4-15, 2056013
Buenos Aires, Q1-16, 2060024
Buenos Aires, Q2-16, 2024087
Catamarca, Q1-04, 21543
Catamarca, Q2-04, 22169
Catamarca, Q3-04, 22470
Catamarca, Q4-04, 23464
Catamarca, Q1-05, 25259
Catamarca, Q2-05, 26945
Catamarca, Q3-05, 25498
Catamarca, Q4-05, 26912
Catamarca, Q1-06, 27930
Catamarca, Q2-06, 28771
Catamarca, Q3-06, 26820
Catamarca, Q4-06, 27576
Catamarca, Q1-07, 30306
Catamarca, Q2-07, 31829
Catamarca, Q3-07, 28746
Catamarca, Q4-07, 30240
Catamarca, Q1-08, 31829
Catamarca, Q2-08, 33988
Catamarca, Q3-08, 30487
Catamarca, Q4-08, 30893
Catamarca, Q1-09, 31138
Catamarca, Q2-09, 30760
Catamarca, Q3-09, 29159
Catamarca, Q4-09, 30158
Catamarca, Q1-10, 31567
Catamarca, Q2-10, 33368
Catamarca, Q3-10, 30254
Catamarca, Q4-10, 30513
Catamarca, Q1-11, 32511
Catamarca, Q2-11, 33713
Catamarca, Q3-11, 30912
Catamarca, Q4-11, 31326
Catamarca, Q1-12, 30812
Catamarca, Q2-12, 31058
Catamarca, Q3-12, 30440
Catamarca, Q4-12, 31483
Catamarca, Q1-13, 32084
Catamarca, Q2-13, 33221
Catamarca, Q3-13, 32252
Catamarca, Q4-13, 32229
Catamarca, Q1-14, 31839
Catamarca, Q2-14, 32737
Catamarca, Q3-14, 32051
Catamarca, Q4-14, 32638
Catamarca, Q1-15, 33425
Catamarca, Q2-15, 33923
Catamarca, Q3-15, 32386
Catamarca, Q4-15, 31924
Catamarca, Q1-16, 31275
Catamarca, Q2-16, 30673
Cordoba, Q1-04, 304867
Cordoba, Q2-04, 314736
Cordoba, Q3-04, 322461
Cordoba, Q4-04, 335340
Cordoba, Q1-05, 342760
Cordoba, Q2-05, 353728
Cordoba, Q3-05, 362486
Cordoba, Q4-05, 379502
Cordoba, Q1-06, 388257
Cordoba, Q2-06, 397774
Cordoba, Q3-06, 404142
Cordoba, Q4-06, 417762
Cordoba, Q1-07, 424370
Cordoba, Q2-07, 432742
Cordoba, Q3-07, 437960
Cordoba, Q4-07, 454638
Cordoba, Q1-08, 463202
Cordoba, Q2-08, 470542
Cordoba, Q3-08, 473022
Cordoba, Q4-08, 479509
Cordoba, Q1-09, 467791
Cordoba, Q2-09, 460434
Cordoba, Q3-09, 459618
Cordoba, Q4-09, 468677
Cordoba, Q1-10, 478679
Cordoba, Q2-10, 480897
Cordoba, Q3-10, 482485
Cordoba, Q4-10, 494826
Cordoba, Q1-11, 503254
Cordoba, Q2-11, 507863
Cordoba, Q3-11, 511472
Cordoba, Q4-11, 521119
Cordoba, Q1-12, 517874
Cordoba, Q2-12, 509600
Cordoba, Q3-12, 506439
Cordoba, Q4-12, 515919
Cordoba, Q1-13, 517962
Cordoba, Q2-13, 514325
Cordoba, Q3-13, 514846
Cordoba, Q4-13, 519741
Cordoba, Q1-14, 515935
Cordoba, Q2-14, 509353
Cordoba, Q3-14, 508502
Cordoba, Q4-14, 511803
Cordoba, Q1-15, 516697
Cordoba, Q2-15, 516134
Cordoba, Q3-15, 517314
Cordoba, Q4-15, 521892
Cordoba, Q1-16, 523969
Cordoba, Q2-16, 517903
Corrientes, Q1-04, 44083
Corrientes, Q2-04, 45622
Corrientes, Q3-04, 46771
Corrientes, Q4-04, 47708
Corrientes, Q1-05, 49880
Corrientes, Q2-05, 54289
Corrientes, Q3-05, 56822
Corrientes, Q4-05, 57208
Corrientes, Q1-06, 56188
Corrientes, Q2-06, 57289
Corrientes, Q3-06, 58358
Corrientes, Q4-06, 59208
Corrientes, Q1-07, 59277
Corrientes, Q2-07, 63282
Corrientes, Q3-07, 64142
Corrientes, Q4-07, 64334
Corrientes, Q1-08, 64926
Corrientes, Q2-08, 66582
Corrientes, Q3-08, 66772
Corrientes, Q4-08, 67058
Corrientes, Q1-09, 64603
Corrientes, Q2-09, 65036
Corrientes, Q3-09, 65353
Corrientes, Q4-09, 66576
Corrientes, Q1-10, 65625
Corrientes, Q2-10, 66382
Corrientes, Q3-10, 66184
Corrientes, Q4-10, 67603
Corrientes, Q1-11, 68290
Corrientes, Q2-11, 69949
Corrientes, Q3-11, 70994
Corrientes, Q4-11, 72460
Corrientes, Q1-12, 71541
Corrientes, Q2-12, 71558
Corrientes, Q3-12, 71311
Corrientes, Q4-12, 72029
Corrientes, Q1-13, 71514
Corrientes, Q2-13, 71504
Corrientes, Q3-13, 71737
Corrientes, Q4-13, 72622
Corrientes, Q1-14, 71805
Corrientes, Q2-14, 72335
Corrientes, Q3-14, 72942
Corrientes, Q4-14, 73959
Corrientes, Q1-15, 74320
Corrientes, Q2-15, 76420
Corrientes, Q3-15, 78254
Corrientes, Q4-15, 78349
Corrientes, Q1-16, 77418
Corrientes, Q2-16, 76896
Chaco, Q1-04, 38787
Chaco, Q2-04, 40144
Chaco, Q3-04, 40236
Chaco, Q4-04, 41805
Chaco, Q1-05, 43947
Chaco, Q2-05, 46269
Chaco, Q3-05, 47477
Chaco, Q4-05, 48655
Chaco, Q1-06, 48145
Chaco, Q2-06, 49775
Chaco, Q3-06, 48857
Chaco, Q4-06, 49672
Chaco, Q1-07, 51762
Chaco, Q2-07, 54817
Chaco, Q3-07, 55010
Chaco, Q4-07, 55251
Chaco, Q1-08, 55760
Chaco, Q2-08, 58621
Chaco, Q3-08, 59780
Chaco, Q4-08, 60975
Chaco, Q1-09, 60750
Chaco, Q2-09, 62587
Chaco, Q3-09, 62533
Chaco, Q4-09, 60414
Chaco, Q1-10, 59465
Chaco, Q2-10, 60500
Chaco, Q3-10, 61307
Chaco, Q4-10, 62441
Chaco, Q1-11, 62835
Chaco, Q2-11, 66411
Chaco, Q3-11, 67348
Chaco, Q4-11, 67855
Chaco, Q1-12, 68454
Chaco, Q2-12, 70435
Chaco, Q3-12, 70166
Chaco, Q4-12, 70110
Chaco, Q1-13, 69598
Chaco, Q2-13, 72053
Chaco, Q3-13, 75059
Chaco, Q4-13, 76604
Chaco, Q1-14, 74464
Chaco, Q2-14, 76048
Chaco, Q3-14, 76706
Chaco, Q4-14, 76741
Chaco, Q1-15, 76140
Chaco, Q2-15, 79042
Chaco, Q3-15, 80694
Chaco, Q4-15, 79211
Chaco, Q1-16, 76160
Chaco, Q2-16, 77539
Chubut, Q1-04, 67021
Chubut, Q2-04, 68811
Chubut, Q3-04, 69107
Chubut, Q4-04, 72665
Chubut, Q1-05, 74972
Chubut, Q2-05, 76946
Chubut, Q3-05, 76966
Chubut, Q4-05, 82648
Chubut, Q1-06, 84724
Chubut, Q2-06, 86411
Chubut, Q3-06, 87011
Chubut, Q4-06, 90875
Chubut, Q1-07, 92190
Chubut, Q2-07, 93014
Chubut, Q3-07, 93118
Chubut, Q4-07, 95778
Chubut, Q1-08, 96245
Chubut, Q2-08, 97287
Chubut, Q3-08, 96467
Chubut, Q4-08, 97257
Chubut, Q1-09, 94268
Chubut, Q2-09, 91560
Chubut, Q3-09, 90150
Chubut, Q4-09, 91244
Chubut, Q1-10, 91636
Chubut, Q2-10, 91027
Chubut, Q3-10, 92369
Chubut, Q4-10, 95082
Chubut, Q1-11, 96730
Chubut, Q2-11, 95930
Chubut, Q3-11, 95817
Chubut, Q4-11, 97546
Chubut, Q1-12, 96674
Chubut, Q2-12, 94903
Chubut, Q3-12, 95249
Chubut, Q4-12, 97577
Chubut, Q1-13, 96859
Chubut, Q2-13, 94796
Chubut, Q3-13, 95842
Chubut, Q4-13, 99263
Chubut, Q1-14, 99478
Chubut, Q2-14, 98264
Chubut, Q3-14, 100018
Chubut, Q4-14, 103374
Chubut, Q1-15, 103758
Chubut, Q2-15, 102047
Chubut, Q3-15, 105278
Chubut, Q4-15, 108043
Chubut, Q1-16, 106224
Chubut, Q2-16, 101544
Entre Rios, Q1-04, 83761
Entre Rios, Q2-04, 87440
Entre Rios, Q3-04, 90109
Entre Rios, Q4-04, 92429
Entre Rios, Q1-05, 93101
Entre Rios, Q2-05, 97493
Entre Rios, Q3-05, 100882
Entre Rios, Q4-05, 105028
Entre Rios, Q1-06, 103466
Entre Rios, Q2-06, 107598
Entre Rios, Q3-06, 110135
Entre Rios, Q4-06, 115093
Entre Rios, Q1-07, 111689
Entre Rios, Q2-07, 115386
Entre Rios, Q3-07, 118493
Entre Rios, Q4-07, 127592
Entre Rios, Q1-08, 120734
Entre Rios, Q2-08, 123763
Entre Rios, Q3-08, 125166
Entre Rios, Q4-08, 132782
Entre Rios, Q1-09, 122019
Entre Rios, Q2-09, 124222
Entre Rios, Q3-09, 125724
Entre Rios, Q4-09, 134338
Entre Rios, Q1-10, 124226
Entre Rios, Q2-10, 127580
Entre Rios, Q3-10, 130049
Entre Rios, Q4-10, 136811
Entre Rios, Q1-11, 129991
Entre Rios, Q2-11, 134672
Entre Rios, Q3-11, 137514
Entre Rios, Q4-11, 145456
Entre Rios, Q1-12, 137962
Entre Rios, Q2-12, 137980
Entre Rios, Q3-12, 137714
Entre Rios, Q4-12, 145228
Entre Rios, Q1-13, 138200
Entre Rios, Q2-13, 138413
Entre Rios, Q3-13, 139750
Entre Rios, Q4-13, 143343
Entre Rios, Q1-14, 138099
Entre Rios, Q2-14, 139223
Entre Rios, Q3-14, 140818
Entre Rios, Q4-14, 146975
Entre Rios, Q1-15, 141215
Entre Rios, Q2-15, 142923
Entre Rios, Q3-15, 145247
Entre Rios, Q4-15, 148917
Entre Rios, Q1-16, 139707
Entre Rios, Q2-16, 139035
Formosa, Q1-04, 12650
Formosa, Q2-04, 12986
Formosa, Q3-04, 13465
Formosa, Q4-04, 14842
Formosa, Q1-05, 16054
Formosa, Q2-05, 17178
Formosa, Q3-05, 17792
Formosa, Q4-05, 17666
Formosa, Q1-06, 17086
Formosa, Q2-06, 17447
Formosa, Q3-06, 18132
Formosa, Q4-06, 19191
Formosa, Q1-07, 20105
Formosa, Q2-07, 20402
Formosa, Q3-07, 21085
Formosa, Q4-07, 21354
Formosa, Q1-08, 20505
Formosa, Q2-08, 20925
Formosa, Q3-08, 20556
Formosa, Q4-08, 21212
Formosa, Q1-09, 20928
Formosa, Q2-09, 21281
Formosa, Q3-09, 22397
Formosa, Q4-09, 22203
Formosa, Q1-10, 22170
Formosa, Q2-10, 22433
Formosa, Q3-10, 23288
Formosa, Q4-10, 24245
Formosa, Q1-11, 24362
Formosa, Q2-11, 25563
Formosa, Q3-11, 26885
Formosa, Q4-11, 26856
Formosa, Q1-12, 26549
Formosa, Q2-12, 26155
Formosa, Q3-12, 25653
Formosa, Q4-12, 25771
Formosa, Q1-13, 25573
Formosa, Q2-13, 25933
Formosa, Q3-13, 26637
Formosa, Q4-13, 27967
Formosa, Q1-14, 27600
Formosa, Q2-14, 27681
Formosa, Q3-14, 26812
Formosa, Q4-14, 26644
Formosa, Q1-15, 26651
Formosa, Q2-15, 27937
Formosa, Q3-15, 29433
Formosa, Q4-15, 29336
Formosa, Q1-16, 27363
Formosa, Q2-16, 27332
Jujuy, Q1-04, 39150
Jujuy, Q2-04, 36589
Jujuy, Q3-04, 40000
Jujuy, Q4-04, 41165
Jujuy, Q1-05, 41148
Jujuy, Q2-05, 38165
Jujuy, Q3-05, 40668
Jujuy, Q4-05, 42928
Jujuy, Q1-06, 42143
Jujuy, Q2-06, 39521
Jujuy, Q3-06, 42986
Jujuy, Q4-06, 44399
Jujuy, Q1-07, 43220
Jujuy, Q2-07, 41540
Jujuy, Q3-07, 44874
Jujuy, Q4-07, 47008
Jujuy, Q1-08, 45646
Jujuy, Q2-08, 43842
Jujuy, Q3-08, 47444
Jujuy, Q4-08, 48770
Jujuy, Q1-09, 50412
Jujuy, Q2-09, 48346
Jujuy, Q3-09, 52564
Jujuy, Q4-09, 54347
Jujuy, Q1-10, 53046
Jujuy, Q2-10, 50032
Jujuy, Q3-10, 53286
Jujuy, Q4-10, 56157
Jujuy, Q1-11, 56037
Jujuy, Q2-11, 52432
Jujuy, Q3-11, 55109
Jujuy, Q4-11, 59128
Jujuy, Q1-12, 58759
Jujuy, Q2-12, 52970
Jujuy, Q3-12, 54904
Jujuy, Q4-12, 58588
Jujuy, Q1-13, 57857
Jujuy, Q2-13, 54020
Jujuy, Q3-13, 56307
Jujuy, Q4-13, 59829
Jujuy, Q1-14, 59557
Jujuy, Q2-14, 54097
Jujuy, Q3-14, 57171
Jujuy, Q4-14, 61977
Jujuy, Q1-15, 63040
Jujuy, Q2-15, 56319
Jujuy, Q3-15, 58051
Jujuy, Q4-15, 60997
Jujuy, Q1-16, 61195
Jujuy, Q2-16, 54426
La Pampa, Q1-04, 26661
La Pampa, Q2-04, 26787
La Pampa, Q3-04, 27183
La Pampa, Q4-04, 27694
La Pampa, Q1-05, 28666
La Pampa, Q2-05, 29588
La Pampa, Q3-05, 30689
La Pampa, Q4-05, 31557
La Pampa, Q1-06, 31583
La Pampa, Q2-06, 31792
La Pampa, Q3-06, 31811
La Pampa, Q4-06, 33189
La Pampa, Q1-07, 34009
La Pampa, Q2-07, 35350
La Pampa, Q3-07, 36940
La Pampa, Q4-07, 37690
La Pampa, Q1-08, 37042
La Pampa, Q2-08, 36867
La Pampa, Q3-08, 36314
La Pampa, Q4-08, 36660
La Pampa, Q1-09, 36070
La Pampa, Q2-09, 35832
La Pampa, Q3-09, 36209
La Pampa, Q4-09, 36530
La Pampa, Q1-10, 35779
La Pampa, Q2-10, 35355
La Pampa, Q3-10, 34694
La Pampa, Q4-10, 35243
La Pampa, Q1-11, 36146
La Pampa, Q2-11, 37205
La Pampa, Q3-11, 37473
La Pampa, Q4-11, 37712
La Pampa, Q1-12, 36623
La Pampa, Q2-12, 36404
La Pampa, Q3-12, 36051
La Pampa, Q4-12, 36773
La Pampa, Q1-13, 37292
La Pampa, Q2-13, 37333
La Pampa, Q3-13, 37355
La Pampa, Q4-13, 37234
La Pampa, Q1-14, 36367
La Pampa, Q2-14, 36559
La Pampa, Q3-14, 36823
La Pampa, Q4-14, 37380
La Pampa, Q1-15, 37176
La Pampa, Q2-15, 37749
La Pampa, Q3-15, 38463
La Pampa, Q4-15, 38883
La Pampa, Q1-16, 39285
La Pampa, Q2-16, 39423
La Rioja, Q1-04, 20311
La Rioja, Q2-04, 20775
La Rioja, Q3-04, 20892
La Rioja, Q4-04, 21498
La Rioja, Q1-05, 23987
La Rioja, Q2-05, 24515
La Rioja, Q3-05, 23326
La Rioja, Q4-05, 23974
La Rioja, Q1-06, 26334
La Rioja, Q2-06, 26110
La Rioja, Q3-06, 24349
La Rioja, Q4-06, 24765
La Rioja, Q1-07, 28264
La Rioja, Q2-07, 28042
La Rioja, Q3-07, 26202
La Rioja, Q4-07, 26357
La Rioja, Q1-08, 29269
La Rioja, Q2-08, 29566
La Rioja, Q3-08, 26560
La Rioja, Q4-08, 25685
La Rioja, Q1-09, 28479
La Rioja, Q2-09, 27108
La Rioja, Q3-09, 26102
La Rioja, Q4-09, 25969
La Rioja, Q1-10, 31284
La Rioja, Q2-10, 30781
La Rioja, Q3-10, 27411
La Rioja, Q4-10, 27993
La Rioja, Q1-11, 33581
La Rioja, Q2-11, 33713
La Rioja, Q3-11, 29175
La Rioja, Q4-11, 28716
La Rioja, Q1-12, 31926
La Rioja, Q2-12, 30121
La Rioja, Q3-12, 28307
La Rioja, Q4-12, 28597
La Rioja, Q1-13, 34244
La Rioja, Q2-13, 32888
La Rioja, Q3-13, 30353
La Rioja, Q4-13, 29705
La Rioja, Q1-14, 32320
La Rioja, Q2-14, 31233
La Rioja, Q3-14, 29583
La Rioja, Q4-14, 29453
La Rioja, Q1-15, 35337
La Rioja, Q2-15, 34460
La Rioja, Q3-15, 30852
La Rioja, Q4-15, 29491
La Rioja, Q1-16, 34472
La Rioja, Q2-16, 31620
Mendoza, Q1-04, 167454
Mendoza, Q2-04, 163250
Mendoza, Q3-04, 160157
Mendoza, Q4-04, 162363
Mendoza, Q1-05, 171073
Mendoza, Q2-05, 164869
Mendoza, Q3-05, 159387
Mendoza, Q4-05, 167163
Mendoza, Q1-06, 179586
Mendoza, Q2-06, 175322
Mendoza, Q3-06, 170819
Mendoza, Q4-06, 176949
Mendoza, Q1-07, 189113
Mendoza, Q2-07, 187573
Mendoza, Q3-07, 182027
Mendoza, Q4-07, 186912
Mendoza, Q1-08, 196186
Mendoza, Q2-08, 193357
Mendoza, Q3-08, 186807
Mendoza, Q4-08, 189558
Mendoza, Q1-09, 240011
Mendoza, Q2-09, 226740
Mendoza, Q3-09, 220138
Mendoza, Q4-09, 223902
Mendoza, Q1-10, 239741
Mendoza, Q2-10, 234372
Mendoza, Q3-10, 228073
Mendoza, Q4-10, 235610
Mendoza, Q1-11, 253145
Mendoza, Q2-11, 250257
Mendoza, Q3-11, 244799
Mendoza, Q4-11, 249622
Mendoza, Q1-12, 261644
Mendoza, Q2-12, 257613
Mendoza, Q3-12, 249191
Mendoza, Q4-12, 253068
Mendoza, Q1-13, 268279
Mendoza, Q2-13, 262565
Mendoza, Q3-13, 249546
Mendoza, Q4-13, 250457
Mendoza, Q1-14, 261357
Mendoza, Q2-14, 258056
Mendoza, Q3-14, 248986
Mendoza, Q4-14, 253780
Mendoza, Q1-15, 267388
Mendoza, Q2-15, 264476
Mendoza, Q3-15, 256218
Mendoza, Q4-15, 255845
Mendoza, Q1-16, 262276
Mendoza, Q2-16, 254398
Misiones, Q1-04, 62928
Misiones, Q2-04, 67185
Misiones, Q3-04, 68450
Misiones, Q4-04, 67740
Misiones, Q1-05, 70029
Misiones, Q2-05, 75902
Misiones, Q3-05, 77962
Misiones, Q4-05, 77326
Misiones, Q1-06, 78808
Misiones, Q2-06, 83258
Misiones, Q3-06, 83195
Misiones, Q4-06, 81583
Misiones, Q1-07, 84293
Misiones, Q2-07, 87954
Misiones, Q3-07, 89923
Misiones, Q4-07, 86964
Misiones, Q1-08, 86235
Misiones, Q2-08, 90076
Misiones, Q3-08, 90436
Misiones, Q4-08, 87203
Misiones, Q1-09, 85583
Misiones, Q2-09, 89932
Misiones, Q3-09, 90309
Misiones, Q4-09, 86816
Misiones, Q1-10, 86964
Misiones, Q2-10, 91114
Misiones, Q3-10, 91910
Misiones, Q4-10, 89933
Misiones, Q1-11, 92736
Misiones, Q2-11, 99344
Misiones, Q3-11, 100121
Misiones, Q4-11, 97761
Misiones, Q1-12, 97069
Misiones, Q2-12, 101248
Misiones, Q3-12, 100596
Misiones, Q4-12, 98518
Misiones, Q1-13, 100385
Misiones, Q2-13, 105657
Misiones, Q3-13, 105969
Misiones, Q4-13, 103438
Misiones, Q1-14, 102127
Misiones, Q2-14, 108029
Misiones, Q3-14, 107921
Misiones, Q4-14, 105164
Misiones, Q1-15, 107720
Misiones, Q2-15, 116047
Misiones, Q3-15, 117361
Misiones, Q4-15, 110789
Misiones, Q1-16, 107957
Misiones, Q2-16, 113552
Neuquen, Q1-04, 61085
Neuquen, Q2-04, 59622
Neuquen, Q3-04, 61008
Neuquen, Q4-04, 62980
Neuquen, Q1-05, 69239
Neuquen, Q2-05, 68205
Neuquen, Q3-05, 70555
Neuquen, Q4-05, 73626
Neuquen, Q1-06, 79314
Neuquen, Q2-06, 77411
Neuquen, Q3-06, 78928
Neuquen, Q4-06, 81854
Neuquen, Q1-07, 88063
Neuquen, Q2-07, 87916
Neuquen, Q3-07, 87215
Neuquen, Q4-07, 89140
Neuquen, Q1-08, 92230
Neuquen, Q2-08, 90194
Neuquen, Q3-08, 91442
Neuquen, Q4-08, 93132
Neuquen, Q1-09, 94053
Neuquen, Q2-09, 87258
Neuquen, Q3-09, 86494
Neuquen, Q4-09, 86566
Neuquen, Q1-10, 89915
Neuquen, Q2-10, 86620
Neuquen, Q3-10, 87549
Neuquen, Q4-10, 89330
Neuquen, Q1-11, 93451
Neuquen, Q2-11, 90156
Neuquen, Q3-11, 91061
Neuquen, Q4-11, 92179
Neuquen, Q1-12, 94386
Neuquen, Q2-12, 91627
Neuquen, Q3-12, 92610
Neuquen, Q4-12, 94570
Neuquen, Q1-13, 99158
Neuquen, Q2-13, 96227
Neuquen, Q3-13, 98950
Neuquen, Q4-13, 101237
Neuquen, Q1-14, 106764
Neuquen, Q2-14, 104345
Neuquen, Q3-14, 106764
Neuquen, Q4-14, 110339
Neuquen, Q1-15, 116545
Neuquen, Q2-15, 114327
Neuquen, Q3-15, 116323
Neuquen, Q4-15, 116735
Neuquen, Q1-16, 117313
Neuquen, Q2-16, 113187
Rio Negro, Q1-04, 76512
Rio Negro, Q2-04, 65737
Rio Negro, Q3-04, 65851
Rio Negro, Q4-04, 68496
Rio Negro, Q1-05, 85588
Rio Negro, Q2-05, 75119
Rio Negro, Q3-05, 74411
Rio Negro, Q4-05, 76871
Rio Negro, Q1-06, 95772
Rio Negro, Q2-06, 81655
Rio Negro, Q3-06, 80373
Rio Negro, Q4-06, 82540
Rio Negro, Q1-07, 102753
Rio Negro, Q2-07, 87569
Rio Negro, Q3-07, 85684
Rio Negro, Q4-07, 87849
Rio Negro, Q1-08, 108890
Rio Negro, Q2-08, 93436
Rio Negro, Q3-08, 90550
Rio Negro, Q4-08, 91830
Rio Negro, Q1-09, 111937
Rio Negro, Q2-09, 92663
Rio Negro, Q3-09, 89550
Rio Negro, Q4-09, 91935
Rio Negro, Q1-10, 111559
Rio Negro, Q2-10, 96194
Rio Negro, Q3-10, 92906
Rio Negro, Q4-10, 94365
Rio Negro, Q1-11, 114571
Rio Negro, Q2-11, 101120
Rio Negro, Q3-11, 99642
Rio Negro, Q4-11, 101439
Rio Negro, Q1-12, 114587
Rio Negro, Q2-12, 102464
Rio Negro, Q3-12, 101482
Rio Negro, Q4-12, 103691
Rio Negro, Q1-13, 117113
Rio Negro, Q2-13, 106353
Rio Negro, Q3-13, 106458
Rio Negro, Q4-13, 107089
Rio Negro, Q1-14, 118436
Rio Negro, Q2-14, 108480
Rio Negro, Q3-14, 109644
Rio Negro, Q4-14, 111696
Rio Negro, Q1-15, 122556
Rio Negro, Q2-15, 114963
Rio Negro, Q3-15, 115073
Rio Negro, Q4-15, 115591
Rio Negro, Q1-16, 121545
Rio Negro, Q2-16, 112425
Salta, Q1-04, 68715
Salta, Q2-04, 68036
Salta, Q3-04, 69492
Salta, Q4-04, 66758
Salta, Q1-05, 68278
Salta, Q2-05, 63460
Salta, Q3-05, 62408
Salta, Q4-05, 66305
Salta, Q1-06, 69835
Salta, Q2-06, 65772
Salta, Q3-06, 66460
Salta, Q4-06, 71032
Salta, Q1-07, 74631
Salta, Q2-07, 71839
Salta, Q3-07, 72920
Salta, Q4-07, 77123
Salta, Q1-08, 79040
Salta, Q2-08, 76119
Salta, Q3-08, 77471
Salta, Q4-08, 82324
Salta, Q1-09, 102781
Salta, Q2-09, 100988
Salta, Q3-09, 102846
Salta, Q4-09, 107222
Salta, Q1-10, 107675
Salta, Q2-10, 105076
Salta, Q3-10, 106341
Salta, Q4-10, 110929
Salta, Q1-11, 113203
Salta, Q2-11, 110667
Salta, Q3-11, 112669
Salta, Q4-11, 117399
Salta, Q1-12, 114617
Salta, Q2-12, 109254
Salta, Q3-12, 110245
Salta, Q4-12, 114489
Salta, Q1-13, 113469
Salta, Q2-13, 107946
Salta, Q3-13, 110409
Salta, Q4-13, 117963
Salta, Q1-14, 118895
Salta, Q2-14, 113563
Salta, Q3-14, 116783
Salta, Q4-14, 122343
Salta, Q1-15, 124330
Salta, Q2-15, 119343
Salta, Q3-15, 120213
Salta, Q4-15, 124012
Salta, Q1-16, 122196
Salta, Q2-16, 115622
San Juan, Q1-04, 50639
San Juan, Q2-04, 49652
San Juan, Q3-04, 49045
San Juan, Q4-04, 53181
San Juan, Q1-05, 57177
San Juan, Q2-05, 56915
San Juan, Q3-05, 55690
San Juan, Q4-05, 58443
San Juan, Q1-06, 63258
San Juan, Q2-06, 64196
San Juan, Q3-06, 62994
San Juan, Q4-06, 66093
San Juan, Q1-07, 69909
San Juan, Q2-07, 69907
San Juan, Q3-07, 68195
San Juan, Q4-07, 70068
San Juan, Q1-08, 74380
San Juan, Q2-08, 75060
San Juan, Q3-08, 72884
San Juan, Q4-08, 74995
San Juan, Q1-09, 76411
San Juan, Q2-09, 74445
San Juan, Q3-09, 72275
San Juan, Q4-09, 73114
San Juan, Q1-10, 76201
San Juan, Q2-10, 75555
San Juan, Q3-10, 75254
San Juan, Q4-10, 78986
San Juan, Q1-11, 83892
San Juan, Q2-11, 84879
San Juan, Q3-11, 85309
San Juan, Q4-11, 88007
San Juan, Q1-12, 90562
San Juan, Q2-12, 90346
San Juan, Q3-12, 90531
San Juan, Q4-12, 93088
San Juan, Q1-13, 96916
San Juan, Q2-13, 96694
San Juan, Q3-13, 92563
San Juan, Q4-13, 91705
San Juan, Q1-14, 88916
San Juan, Q2-14, 84969
San Juan, Q3-14, 84090
San Juan, Q4-14, 85274
San Juan, Q1-15, 87131
San Juan, Q2-15, 87225
San Juan, Q3-15, 85440
San Juan, Q4-15, 84407
San Juan, Q1-16, 84870
San Juan, Q2-16, 83758
San Luis, Q1-04, 39222
San Luis, Q2-04, 39371
San Luis, Q3-04, 40589
San Luis, Q4-04, 42476
San Luis, Q1-05, 44053
San Luis, Q2-05, 44096
San Luis, Q3-05, 44619
San Luis, Q4-05, 45940
San Luis, Q1-06, 46899
San Luis, Q2-06, 46686
San Luis, Q3-06, 47578
San Luis, Q4-06, 49242
San Luis, Q1-07, 50521
San Luis, Q2-07, 51536
San Luis, Q3-07, 51716
San Luis, Q4-07, 53922
San Luis, Q1-08, 54218
San Luis, Q2-08, 54269
San Luis, Q3-08, 54501
San Luis, Q4-08, 55837
San Luis, Q1-09, 53285
San Luis, Q2-09, 52252
San Luis, Q3-09, 52585
San Luis, Q4-09, 54475
San Luis, Q1-10, 55482
San Luis, Q2-10, 54831
San Luis, Q3-10, 54502
San Luis, Q4-10, 56195
San Luis, Q1-11, 56619
San Luis, Q2-11, 56184
San Luis, Q3-11, 56410
San Luis, Q4-11, 57905
San Luis, Q1-12, 58357
San Luis, Q2-12, 57970
San Luis, Q3-12, 57137
San Luis, Q4-12, 57697
San Luis, Q1-13, 57811
San Luis, Q2-13, 57962
San Luis, Q3-13, 57943
San Luis, Q4-13, 59048
San Luis, Q1-14, 59589
San Luis, Q2-14, 59022
San Luis, Q3-14, 59262
San Luis, Q4-14, 60285
San Luis, Q1-15, 62912
San Luis, Q2-15, 64689
San Luis, Q3-15, 65147
San Luis, Q4-15, 64150
San Luis, Q1-16, 62341
San Luis, Q2-16, 60445
Santa Cruz, Q1-04, 32566
Santa Cruz, Q2-04, 32348
Santa Cruz, Q3-04, 32009
Santa Cruz, Q4-04, 35404
Santa Cruz, Q1-05, 39062
Santa Cruz, Q2-05, 38433
Santa Cruz, Q3-05, 37341
Santa Cruz, Q4-05, 42547
Santa Cruz, Q1-06, 47140
Santa Cruz, Q2-06, 46161
Santa Cruz, Q3-06, 43772
Santa Cruz, Q4-06, 48044
Santa Cruz, Q1-07, 52464
Santa Cruz, Q2-07, 54235
Santa Cruz, Q3-07, 51374
Santa Cruz, Q4-07, 54585
Santa Cruz, Q1-08, 55984
Santa Cruz, Q2-08, 56951
Santa Cruz, Q3-08, 54014
Santa Cruz, Q4-08, 55594
Santa Cruz, Q1-09, 55485
Santa Cruz, Q2-09, 53342
Santa Cruz, Q3-09, 51628
Santa Cruz, Q4-09, 52713
Santa Cruz, Q1-10, 54150
Santa Cruz, Q2-10, 52792
Santa Cruz, Q3-10, 52932
Santa Cruz, Q4-10, 55458
Santa Cruz, Q1-11, 58677
Santa Cruz, Q2-11, 58793
Santa Cruz, Q3-11, 58235
Santa Cruz, Q4-11, 61076
Santa Cruz, Q1-12, 62756
Santa Cruz, Q2-12, 61837
Santa Cruz, Q3-12, 60123
Santa Cruz, Q4-12, 61676
Santa Cruz, Q1-13, 63209
Santa Cruz, Q2-13, 62190
Santa Cruz, Q3-13, 60756
Santa Cruz, Q4-13, 62230
Santa Cruz, Q1-14, 62991
Santa Cruz, Q2-14, 63237
Santa Cruz, Q3-14, 62698
Santa Cruz, Q4-14, 64412
Santa Cruz, Q1-15, 64944
Santa Cruz, Q2-15, 65113
Santa Cruz, Q3-15, 65022
Santa Cruz, Q4-15, 65817
Santa Cruz, Q1-16, 63289
Santa Cruz, Q2-16, 59991
Santa Fe, Q1-04, 338599
Santa Fe, Q2-04, 348290
Santa Fe, Q3-04, 356517
Santa Fe, Q4-04, 372886
Santa Fe, Q1-05, 378007
Santa Fe, Q2-05, 388326
Santa Fe, Q3-05, 397147
Santa Fe, Q4-05, 414896
Santa Fe, Q1-06, 417908
Santa Fe, Q2-06, 425125
Santa Fe, Q3-06, 429329
Santa Fe, Q4-06, 444149
Santa Fe, Q1-07, 444187
Santa Fe, Q2-07, 453842
Santa Fe, Q3-07, 457928
Santa Fe, Q4-07, 472448
Santa Fe, Q1-08, 474251
Santa Fe, Q2-08, 481600
Santa Fe, Q3-08, 481303
Santa Fe, Q4-08, 486824
Santa Fe, Q1-09, 470446
Santa Fe, Q2-09, 465767
Santa Fe, Q3-09, 463383
Santa Fe, Q4-09, 473013
Santa Fe, Q1-10, 471801
Santa Fe, Q2-10, 476771
Santa Fe, Q3-10, 479974
Santa Fe, Q4-10, 491220
Santa Fe, Q1-11, 492655
Santa Fe, Q2-11, 501692
Santa Fe, Q3-11, 506215
Santa Fe, Q4-11, 514780
Santa Fe, Q1-12, 510019
Santa Fe, Q2-12, 511461
Santa Fe, Q3-12, 506163
Santa Fe, Q4-12, 512877
Santa Fe, Q1-13, 511574
Santa Fe, Q2-13, 514919
Santa Fe, Q3-13, 513603
Santa Fe, Q4-13, 518707
Santa Fe, Q1-14, 510696
Santa Fe, Q2-14, 515239
Santa Fe, Q3-14, 514999
Santa Fe, Q4-14, 520060
Santa Fe, Q1-15, 517309
Santa Fe, Q2-15, 524622
Santa Fe, Q3-15, 524167
Santa Fe, Q4-15, 527309
Santa Fe, Q1-16, 520670
Santa Fe, Q2-16, 520651
Santiago del Estero, Q1-04, 26609
Santiago del Estero, Q2-04, 28089
Santiago del Estero, Q3-04, 29273
Santiago del Estero, Q4-04, 29202
Santiago del Estero, Q1-05, 28953
Santiago del Estero, Q2-05, 30277
Santiago del Estero, Q3-05, 33568
Santiago del Estero, Q4-05, 34926
Santiago del Estero, Q1-06, 34143
Santiago del Estero, Q2-06, 34391
Santiago del Estero, Q3-06, 34951
Santiago del Estero, Q4-06, 35511
Santiago del Estero, Q1-07, 35666
Santiago del Estero, Q2-07, 37527
Santiago del Estero, Q3-07, 39139
Santiago del Estero, Q4-07, 39901
Santiago del Estero, Q1-08, 40284
Santiago del Estero, Q2-08, 41999
Santiago del Estero, Q3-08, 43389
Santiago del Estero, Q4-08, 44323
Santiago del Estero, Q1-09, 43093
Santiago del Estero, Q2-09, 43765
Santiago del Estero, Q3-09, 44450
Santiago del Estero, Q4-09, 43796
Santiago del Estero, Q1-10, 43980
Santiago del Estero, Q2-10, 46368
Santiago del Estero, Q3-10, 48029
Santiago del Estero, Q4-10, 47457
Santiago del Estero, Q1-11, 47115
Santiago del Estero, Q2-11, 49245
Santiago del Estero, Q3-11, 49987
Santiago del Estero, Q4-11, 49402
Santiago del Estero, Q1-12, 48167
Santiago del Estero, Q2-12, 48620
Santiago del Estero, Q3-12, 49145
Santiago del Estero, Q4-12, 49327
Santiago del Estero, Q1-13, 49225
Santiago del Estero, Q2-13, 50677
Santiago del Estero, Q3-13, 50953
Santiago del Estero, Q4-13, 52277
Santiago del Estero, Q1-14, 51875
Santiago del Estero, Q2-14, 53973
Santiago del Estero, Q3-14, 53266
Santiago del Estero, Q4-14, 52171
Santiago del Estero, Q1-15, 51945
Santiago del Estero, Q2-15, 53082
Santiago del Estero, Q3-15, 53274
Santiago del Estero, Q4-15, 53188
Santiago del Estero, Q1-16, 52117
Santiago del Estero, Q2-16, 51955
Tierra del Fuego, Q1-04, 18487
Tierra del Fuego, Q2-04, 19190
Tierra del Fuego, Q3-04, 19554
Tierra del Fuego, Q4-04, 21185
Tierra del Fuego, Q1-05, 21535
Tierra del Fuego, Q2-05, 21909
Tierra del Fuego, Q3-05, 22407
Tierra del Fuego, Q4-05, 24699
Tierra del Fuego, Q1-06, 25196
Tierra del Fuego, Q2-06, 25726
Tierra del Fuego, Q3-06, 25591
Tierra del Fuego, Q4-06, 27694
Tierra del Fuego, Q1-07, 27478
Tierra del Fuego, Q2-07, 28326
Tierra del Fuego, Q3-07, 28847
Tierra del Fuego, Q4-07, 30593
Tierra del Fuego, Q1-08, 29067
Tierra del Fuego, Q2-08, 30065
Tierra del Fuego, Q3-08, 30412
Tierra del Fuego, Q4-08, 30641
Tierra del Fuego, Q1-09, 27666
Tierra del Fuego, Q2-09, 26370
Tierra del Fuego, Q3-09, 26273
Tierra del Fuego, Q4-09, 28557
Tierra del Fuego, Q1-10, 29032
Tierra del Fuego, Q2-10, 29902
Tierra del Fuego, Q3-10, 31017
Tierra del Fuego, Q4-10, 33464
Tierra del Fuego, Q1-11, 33030
Tierra del Fuego, Q2-11, 34642
Tierra del Fuego, Q3-11, 36581
Tierra del Fuego, Q4-11, 38530
Tierra del Fuego, Q1-12, 36987
Tierra del Fuego, Q2-12, 38242
Tierra del Fuego, Q3-12, 39395
Tierra del Fuego, Q4-12, 41566
Tierra del Fuego, Q1-13, 40826
Tierra del Fuego, Q2-13, 41034
Tierra del Fuego, Q3-13, 42172
Tierra del Fuego, Q4-13, 43533
Tierra del Fuego, Q1-14, 40166
Tierra del Fuego, Q2-14, 39981
Tierra del Fuego, Q3-14, 40797
Tierra del Fuego, Q4-14, 41298
Tierra del Fuego, Q1-15, 38973
Tierra del Fuego, Q2-15, 40617
Tierra del Fuego, Q3-15, 43141
Tierra del Fuego, Q4-15, 45850
Tierra del Fuego, Q1-16, 41760
Tierra del Fuego, Q2-16, 40270
Tucuman, Q1-04, 85732
Tucuman, Q2-04, 104704
Tucuman, Q3-04, 111232
Tucuman, Q4-04, 96980
Tucuman, Q1-05, 94911
Tucuman, Q2-05, 118509
Tucuman, Q3-05, 124946
Tucuman, Q4-05, 109385
Tucuman, Q1-06, 103421
Tucuman, Q2-06, 126321
Tucuman, Q3-06, 133017
Tucuman, Q4-06, 121389
Tucuman, Q1-07, 113607
Tucuman, Q2-07, 139143
Tucuman, Q3-07, 146296
Tucuman, Q4-07, 142548
Tucuman, Q1-08, 136631
Tucuman, Q2-08, 168652
Tucuman, Q3-08, 166838
Tucuman, Q4-08, 154122
Tucuman, Q1-09, 136440
Tucuman, Q2-09, 160270
Tucuman, Q3-09, 164045
Tucuman, Q4-09, 153481
Tucuman, Q1-10, 136120
Tucuman, Q2-10, 159439
Tucuman, Q3-10, 164215
Tucuman, Q4-10, 154094
Tucuman, Q1-11, 145216
Tucuman, Q2-11, 167588
Tucuman, Q3-11, 171513
Tucuman, Q4-11, 165525
Tucuman, Q1-12, 154991
Tucuman, Q2-12, 171280
Tucuman, Q3-12, 174546
Tucuman, Q4-12, 162808
Tucuman, Q1-13, 155255
Tucuman, Q2-13, 172178
Tucuman, Q3-13, 171497
Tucuman, Q4-13, 158457
Tucuman, Q1-14, 150417
Tucuman, Q2-14, 164160
Tucuman, Q3-14, 169993
Tucuman, Q4-14, 164707
Tucuman, Q1-15, 159770
Tucuman, Q2-15, 173278
Tucuman, Q3-15, 176610
Tucuman, Q4-15, 170528
Tucuman, Q1-16, 163510
Tucuman, Q2-16, 175846
NA, Q1-04, 979
NA, Q2-04, 657
NA, Q3-04, 383
NA, Q4-04, 15793
NA, Q1-05, 25291
NA, Q2-05, 32283
NA, Q3-05, 37089
NA, Q4-05, 37981
NA, Q1-06, 43327
NA, Q2-06, 46259
NA, Q3-06, 48543
NA, Q4-06, 48932
NA, Q1-07, 53018
NA, Q2-07, 55817
NA, Q3-07, 55889
NA, Q4-07, 56994
NA, Q1-08, 60874
NA, Q2-08, 63627
NA, Q3-08, 63407
NA, Q4-08, 64559
NA, Q1-09, 0
NA, Q2-09, 0
NA, Q3-09, 0
NA, Q4-09, 0
NA, Q1-10, 0
NA, Q2-10, 0
NA, Q3-10, 0
NA, Q4-10, 0
NA, Q1-11, 0
NA, Q2-11, 0
NA, Q3-11, 0
NA, Q4-11, 0
NA, Q1-12, 0
NA, Q2-12, 0
NA, Q3-12, 0
NA, Q4-12, 0
NA, Q1-13, 0
NA, Q2-13, 0
NA, Q3-13, 0
NA, Q4-13, 0
NA, Q1-14, 0
NA, Q2-14, 0
NA, Q3-14, 0
NA, Q4-14, 0
NA, Q1-15, 0
NA, Q2-15, 0
NA, Q3-15, 0
NA, Q4-15, 0
NA, Q1-16, 0
NA, Q2-16, 0
